serial_no;title;status;fund_perc;category;place;last_updated;company;websites;project_link;description
167;3 in 1 Dual Head Electric Minoxidil Atomizer+Scalp Massager;28;left;Gadgets;Hong Kong, Hong Kong;;Morfone;[];https://www.kickstarter.com/projects/morfone/3-in-1-dual-head-electric-minoxidil-atomizer-scalp-massager;Negative Pressure Atomization Technology|650NM Red Light Therapy|Bio-Microcurrent Mode
168;VertiCare: AI-Powered Vertigo Measurement & Training;13;left;Software;New York, NY;;NeuroEars;[];https://www.kickstarter.com/projects/1099908074/verticare-ai-powered-vertigo-measurement-and-training;Feeling dizzy? With our AI-powered app, you have the power to un-dizzify yourself anywhere with personalized training regimens
169;The First Safety Power Strip with an Automatic Power Cutoff;30;left;Gadgets;New York, NY;;GOOD LIFE;[];https://www.kickstarter.com/projects/17991623/the-first-ever-power-strip-with-an-internal-safety-switch;S.O.V's safety system automatically supplies electricity only when electronics are in use for drastically increased accident protection
170;nsOne - PlayStation 1 custom motherboard;43;left;Hardware;Torino, Italy;;Lorentio Brodesco;['https://www.instagram.com/lorentio_brodesco', 'https://youtube.com/@lawrencebrd?si=W6HbpzYph0TK-JUQ', 'https://www.reddit.com/u/LorentioB/s/oDixpSt8rd', 'https://x.com/brodescoind?s=21'];https://www.kickstarter.com/projects/lawrencebrd/nsone;The first custom PlayStation 1 motherboard created in 30 years
171;Swüp: social media - for humans.;13;left;Apps;Portland, OR;;Zeva Rosenbaum;[];https://www.kickstarter.com/projects/zevatayler/swup-social-media-for-humans;Swüp is a vertical video social app prioritizing human-made content, minimizing AI, and offering unbiased fact-checking.
172;IBac;42;left;Software;Pescara, Italy;;Jilani Khaldi;['https://khaldi.it/', 'https://jikns.com/'];https://www.kickstarter.com/projects/vindexa/ibac;International Baccalaureate
173;LEFU: The Smart Scale That Knows Your Body Better;12;left;Gadgets;Chicago, IL;;LEFU Health;[];https://www.kickstarter.com/projects/lefu/lefu-the-smart-scale-that-knows-your-body-better;8-Electrode Smart Scale | Track 58 different body data | Easy Data Management | Voice Guidance
174;WireStax - Now delivering in June 2025!!;12;left;Hardware;Chicago, IL;;WireStax;['https://wirestaxcorp.com/'];https://www.kickstarter.com/projects/wirestax/wirestax;Sleek, cool and functional. WireStax makes cable management easy as snapping fingers together
175;Fantasy House;2;left;3D Printing;Calgary, Canada;;Westmare Studio;[];https://www.kickstarter.com/projects/westmarestudio/fantasy-house-0;Fantasy Location: 50+ High-Quality STL Models for DLP and SLA Printers,3D Print Set,STL, DND, 3D Printing, For FDM Printe, DnD, Pathfin
176;Watchatapp: Approaching New Friends Without the Awkwardness;42;left;Apps;San Bruno, CA;;Watchatapp;['https://www.watchatapp.com/'];https://www.kickstarter.com/projects/watchatapp-ios-app/watchatapp-approaching-new-friends-without-the-awkwardness;Watchatapp: Approaching New Friends (or That Special Someone) Without the Awkwardness—Powered by AR
177;PayAfta: Secure Escrow Payments for Safe Transactions World;42;left;Web;London, UK;;Oyinkansola Folarin;['https://www.getpayafta.com/'];https://www.kickstarter.com/projects/payafta/payafta-secure-escrow-payments-for-safe-transactions-world;A simple, secure, and innovative escrow platform that protects buyers and sellers from fraud and disputes in every transaction.
178;Zowaz-New Social Media Platform-US-Launching in 10 Days;2;left;Apps;Sebastian, FL;;Alex Melo Crane;['https://alexmelocrane.com/', 'https://justinspireothers.org/'];https://www.kickstarter.com/projects/amelo/zowaz-new-social-media-platform-us-launching-in-10-days;Already Built, Tested, and ready to launch in 21 days or less. New Social Media and Sellling Platform created by Creator A.Melo
179;Skillbloom: The feature of microlearning and home schooling;2;left;Apps;Stockholm, Sweden;;Adrian;['https://x.com/HowToFixit28'];https://www.kickstarter.com/projects/howtofixit/skillbloom-the-feature-of-microlearning-and-home-schooling;Helping homeschoolers thrive with fun, interactive lessons and real-world skill-building.
180;SecYour: The Luggage-Sharing Platform That Redefines Travel;12;left;Software;Dallas, TX;;Ishaan Chaturvedi;['https://www.linkedin.com/in/ishaan-chaturvedi-abb039165/'];https://www.kickstarter.com/projects/ishaanc24k/secyour-the-luggage-sharing-platform-that-redefines-travel;Save money, travel smarter, and securely share luggage space with SecYour, the platform designed to revolutionize travel.
181;enCapsly: The Photo Projecting Phonecase;30;left;Gadgets;Orlando, FL;;Ricky Hong;[];https://www.kickstarter.com/projects/encapsly/encapsly-the-photo-projecting-phonecase;Bringing your favorite photo to life!
182;Vibezzs: Stop Swiping, Start Vibing!;11;left;Software;Amsterdam, Netherlands;;Chikanso Chinweze;[];https://www.kickstarter.com/projects/vibezzs/vibezzs-stop-swiping-start-vibing-0;Tired of the same old dating grind? Let us take the frustration out of dating and bring the fun back in!
183;Esty innovative AI-driven relationship platform;41;left;Apps;Montreal, Canada;;Linh Lan Nguyen;['https://www.esty.love/'];https://www.kickstarter.com/projects/linhlannguyen/esty-innovative-ai-driven-relationship-platform;Esty - Revolutionize Dating with AI – relationship platform poised to transform how people connect.
184;DBTAI;10;left;Software;Adelaide, AU;;Jace Lander;['https://dbtai.xyz/'];https://www.kickstarter.com/projects/dbtai/dbtai;DBTAI: Your AI-Powered Path to Emotional Balance
185;Project management tool with integrated timesheet;10;left;Software;Sežana, Slovenia;;Gabrio;[];https://www.kickstarter.com/projects/gabrio/project-management-tool-with-integrated-timesheet;Project management tools, timesheet, project documentation, api for bug reporting or feature requests
186;Agency of WAR APP;10;left;Apps;Los Angeles, CA;;Emily;[];https://www.kickstarter.com/projects/rwa/agency-of-war-app;Offers an authentic marketplace for creators and consumers, prioritizing quality, craftsmanship, and meaningful connections
187;The LED WAND: A Safety Service Device.;12;left;Hardware;Harlem, NY;;Shawn Patric Ferguson;['https://gotchops.com/'];https://www.kickstarter.com/projects/gotchops/the-led-wand-a-safety-service-device;The LED WAND - Leverage Evaluate Defuse - Wield A Non-Destructive. A Planned Device for Safety, Precision, and Response.
