serial_no;title;status;fund_perc;category;place;last_updated;company;websites;project_link;description
62;LensUltra: New Generation of Mobile Lenses for Ultra Clarity;Ended;1238%;Camera Equipment;San Francisco, CA;August 6, 2024;SHIFTCAM;['https://shiftcam.com/'];https://www.kickstarter.com/projects/shiftcam/lensultra-new-generation-of-mobile-lenses-for-ultra-clarity?ref=discovery_category_newest&total_hits=453&category_id=333;Building on the ShiftCam ProLens legacy, we've brought you a whole new generation of mobile creativity, universality, and clarity.
63;Teslong TTS300 Infrared Thermal Camera;Ended;117%;Camera Equipment;Irvine, CA;June 6, 2023;Teslong;['https://www.teslong.com/'];https://www.kickstarter.com/projects/teslong/teslong-infrared-thermal-camera?ref=discovery_category_newest&total_hits=453&category_id=333;The most versatile thermal camera
64;NV666：Shimmering Full Color 4K HD Night Vision;Ended;1070%;Camera Equipment;Shenzhen, China;June 19, 2023;WeiDa;[];https://www.kickstarter.com/projects/1928897039/shimmering-full-colour-4k-hd-night-vision?ref=discovery_category_newest&total_hits=453&category_id=333;Night vision distance: about 600m|Video resolution: 4K|Photo resolution: 40M|5x lens magnification|8x digital zoom|5-40xmagnification
65;TIPTLT: Sport Camera Gimbal-Leveler-Pivot;Ended;933%;Camera Equipment;Santa Cruz, CA;April 26, 2023;WST17 LLC;['https://www.tiptlt.com/', 'http://www.wst17.com/'];https://www.kickstarter.com/projects/wst17/tiptlt-sport-camera-gimbal-leveler-pivot?ref=discovery_category_newest&total_hits=453&category_id=333;TIPTLT is a lightweight and durable tool for capturing better video for both professionals and enthusiasts.
66;Benro Theta: the Intelligent Modular Travel Tripod;Ended;4906%;Camera Equipment;Wilmington, DE;October 30, 2024;BenroPolaris;['https://www.benro.com/', 'https://www.facebook.com/BenroWorldwide/'];https://www.kickstarter.com/projects/benropolaris/benro-theta?ref=discovery_category_newest&total_hits=453&category_id=333;A smart, modular travel tripod with auto-leveling, an auto-lock QR ring, and more
67;Feiyu Pocket 3: Cordless Detachable 3-Axis Gimbal Camera;Ended;20111%;Camera Equipment;Hong Kong, Hong Kong;June 2, 2023;FeiyuTech;['https://www.feiyu-tech.com/'];https://www.kickstarter.com/projects/feiyutech/feiyu-pocket-3-compact-and-versatile-3-axis-gimbal-camera?ref=discovery_category_newest&total_hits=453&category_id=333;Cordless & Wireless Gimbal | 3-Axis Stabilizer | 4K 60fps Footage| Magnetic Attach Anywhere | Fast AI Tracking Follow | App Control
68;Takes the darkness out of night with Next-Gen Night Vision;Ended;1762%;Camera Equipment;Tokyo, Japan;May 11, 2023;AKEEYO;['https://www.akeeyo.com/'];https://www.kickstarter.com/projects/akeeyo/super-night-vision-system-with-dashcam?ref=discovery_category_newest&total_hits=453&category_id=333;"F1.0 aperture | 1/1.8"" SONY STARVIS Sensor | Blind Spot Detection System | Separate Dual Lens | 11inch Touch Screen Real-time Display"
69;MOOD: 4' Wireless Sound-Reactive Rainproof Animated RGB LED;Ended;327%;Camera Equipment;Toronto, Canada;July 18, 2023;Mood;['https://www.moodlights.io/'];https://www.kickstarter.com/projects/moodlights/mood-wireless-sound-reactive-lighting-made-for-creators?ref=discovery_category_newest&total_hits=453&category_id=333;Instantly activate 250+ dynamic animations for 10+ hours of brilliant immersive lighting.
70;Filmmakers, You Need to Know About The Power Junkie v2;Ended;1600%;Camera Equipment;Glasgow, UK;October 18, 2023;Blind Spot Gear;['http://www.blindspotgear.com/'];https://www.kickstarter.com/projects/blindspotgear/power-any-camera-and-12-volt-device-with-the-power-junkie-v2?ref=discovery_category_newest&total_hits=453&category_id=333;Now you can power your camera, 12V and 9V devices using affordable Sony NP-F batteries. It even charges the NP-F!
71;MABO GLOW: The Next Generation Diffusion Filter;Ended;265%;Camera Equipment;Berlin, Germany;July 26, 2023;Max Bolle;['https://www.visualminds.clothing/'];https://www.kickstarter.com/projects/maboglow/mabo-glow-the-next-generation-diffusion-filter?ref=discovery_category_newest&total_hits=453&category_id=333;This specially developed nano coating is giving you a neutral glow in the highlights and just a touch of overall image softening.
72;MAKE 100: Lightweight, Fast & Compact Led Travel Light Set;Ended;140%;Camera Equipment;Utrecht, Netherlands;March 15, 2023;Lolito Equipment;[];https://www.kickstarter.com/projects/lolito/make-100-lightweight-fast-and-compact-led-travel-light-set?ref=discovery_category_newest&total_hits=453&category_id=333;A high CRI light kit | Fits in carry-on luggage | Fast to setup | Can be USB-C powered | Weighs only 1,5 Kg including the stands
73;PORISE : The Cycling Camera Strap for All Cyclists;Ended;114%;Camera Equipment;Osaka, Japan;September 28, 2023;GEEK TRADE Co.,Ltd.;[];https://www.kickstarter.com/projects/geek-trade/porise-the-cycling-camera-strap-for-all-cyclists?ref=discovery_category_newest&total_hits=453&category_id=333;Developed for cyclists
74;SmallRig P20, Foldable Smartphone Rig System for Creators;Ended;1756%;Camera Equipment;Lewes, DE;May 31, 2023;SmallRig;['https://www.smallrig.com/'];https://www.kickstarter.com/projects/12259772/fold-p20-puts-hollywood-in-your-pocket?ref=discovery_category_newest&total_hits=453&category_id=333;A pocket-sized universal smartphone stabilizer rig for filmmaking, vlogging, TikTok & youtube. Compatible with mic, LED light & tripod.
75;AMKOV —The Most Affordable V-LOG Camera;Ended;2436%;Camera Equipment;Hong Kong, Hong Kong;May 17, 2023;AMKOV;['http://www.amkov.com/', 'https://r4.amkovcamera.com/', 'https://www.amkovcamera.com/'];https://www.kickstarter.com/projects/385604621/amkov-the-most-affordable-v-log-camera?ref=discovery_category_newest&total_hits=453&category_id=333;4K/60fps videos l Support time lapse video & snapshot video. Ready-to-create gorgeously high-quality videos and still photos.
76;SBCLUDE：360° Intelligent Motorized Head;Ended;160%;Camera Equipment;Hong Kong, Hong Kong;January 9, 2023;SBCLUDE;[];https://www.kickstarter.com/projects/1050889996/360-intelligent-motorized-head?ref=discovery_category_newest&total_hits=453&category_id=333;A,B back|S-B point round trip|360° infinite rotation|AI intelligent face tracking|remote remote control|8 gears
77;POCO Drop-In Filter Adapter: Facilitate Your Cinematography;Ended;1788%;Camera Equipment;Hong Kong, Hong Kong;January 24, 2024;MOFAGE;[];https://www.kickstarter.com/projects/mofage/poco-drop-in-filter-adapter-make-your-cinematography-easily?ref=discovery_category_newest&total_hits=453&category_id=333;Fit All PL Lens Filter Size | Interchangeable Mount | Quick Filter Change | Multiple Filter Options | VND Remotely Controlled
78;MagRota: World’s Lightest Full-function Magnetic Filters;Ended;465%;Camera Equipment;New York, NY;July 31, 2023;Velium;['https://signup.velium.com/magrota'];https://www.kickstarter.com/projects/velium/magrota-worlds-lightest-and-full-function-filter-system?ref=discovery_category_newest&total_hits=453&category_id=333;Reinvent the Filter Experience for Videographers, Photographers, and Filmmakers
79;SL645 - Interchangeable Lens SLR Analogue Instant Camera;Ended;573%;Camera Equipment;Kowloon, Hong Kong;March 29, 2023;NONS;['https://www.instagram.com/nons.camera/', 'https://nonscamera.com/', 'https://www.facebook.com/groups/nons42', 'https://twitter.com/nonscamera'];https://www.kickstarter.com/projects/nonscamera/sl645-interchangeable-lens-slr-analogue-instant-camera?ref=discovery_category_newest&total_hits=453&category_id=333;Metal camera body | Compatible with vintage lenses of EF, M42, Nikon F, PK, and CY mounts | Shoot instax mini
80;POD MINI: An Adaptable Macro Lighting System;Ended;343%;Camera Equipment;Lincolnshire, UK;September 19, 2023;Adaptalux Ltd.;['http://adaptalux.com/', 'https://www.facebook.com/adaptalux', 'https://twitter.com/Adaptalux', 'https://www.flickr.com/photos/125216703@N02/', 'https://plus.google.com/+Adaptalux', 'https://instagram.com/adaptalux/'];https://www.kickstarter.com/projects/adaptalux/pod-mini-an-adaptable-macro-lighting-system?ref=discovery_category_newest&total_hits=453&category_id=333;Powerful and adaptable Macro Photography Lighting in the palm of your hand!
81;MAVEN Color Coded Magnetic Photography & Videography Filters;Ended;23171%;Camera Equipment;Sheridan, WY;January 27, 2024;Michael The Maven;['https://www.michaelthemaven.com/', 'https://www.mavenfilters.com/'];https://www.kickstarter.com/projects/michaelthemaven/maven-color-coded-photography-and-videography-filters?ref=discovery_category_newest&total_hits=453&category_id=333;Hyper Efficient Magnetic Filters With World Class Optical Performance
82;Alfie TYCH;Ended;179%;Camera Equipment;Farnborough, UK;December 14, 2023;Dave Faulkner;['https://www.alfiecameras.com/'];https://www.kickstarter.com/projects/davefaulkner/alfie-tych?ref=discovery_category_newest&total_hits=453&category_id=333;Compact 35mm half-frame film camera giving over 72 images from one roll of film
83;Best Camera for Motorcycle - 60FPS Ultimate Smooth Enjoyment;Ended;1637%;Camera Equipment;Tokyo, Japan;October 31, 2022;AKEEYO;['https://www.akeeyo.com/'];https://www.kickstarter.com/projects/akeeyo/best-camera-for-motorcycle-60fps-ultimate-smooth-enjoyment?ref=discovery_category_newest&total_hits=453&category_id=333;1080P 60FPS/ 2K 30FPS, Sony STARVIS, All Waterproof, Built in Wifi and GPS, Super Capacitor, Race Mode
84;CAPSULE PRO: Versatile Motorized Pan and Tilt Head;Ended;1029%;Camera Equipment;Newark, DE;August 29, 2023;MIOPS;['https://www.miops.com/'];https://www.kickstarter.com/projects/nerotrigger/capsule-pro-versatile-motorized-pan-and-tilt-head?ref=discovery_category_newest&total_hits=453&category_id=333;Versatile pan and tilt head for time-lapse, multi row panorama, 360 product photography and videography
85;ACPOTEL—High-performance Handheld Night Vision Monocular;Ended;1400%;Camera Equipment;New York, NY;January 5, 2023;Acpotel NV30;['https://nv30.acpotels.com/'];https://www.kickstarter.com/projects/1358249873/nv30high-performance-handheld-night-vision-monocular?ref=discovery_category_newest&total_hits=453&category_id=333;Sony IMX sensor l 500M night vision distance l Full-color night mode l 6x60X magnification l 3 infrared light levels  l Max256G TF card
86;NEWLAND ● The Rebirth of folding Land Cameras;Ended;307%;Camera Equipment;France, France;January 20, 2025;Clément Grosjean;['https://newlandcamera.com/'];https://www.kickstarter.com/projects/1029705457/newlandcamera-the-rebirth-of-folding-land-cameras?ref=discovery_category_newest&total_hits=453&category_id=333;Bring old Land Cameras back to life with an adapter compatible with the new Polaroid film.
87;SuperCam: Discreet Security Camera & 197W Powerbank;Ended;3479%;Camera Equipment;Hong Kong, Hong Kong;May 19, 2023;Harbor Dynamics;['https://www.harbor-dynamics.com/'];https://www.kickstarter.com/projects/harbordynamics/super-cam-security-camera-power-bank-with-26800mah-capacity?ref=discovery_category_newest&total_hits=453&category_id=333;1080P Security Camera & Powerbank 2 in 1. Video and audio sent straight to your mobile device. 100W PD | 197W Outputs | 22,000mAh/81 Wh
88;HNGR: The Wall-Mounted Camera Storage System;Ended;341%;Camera Equipment;Hampshire, UK;January 14, 2023;James Penny;[];https://www.kickstarter.com/projects/84801293/hngr-the-wall-mounted-camera-storage-system?ref=discovery_category_newest&total_hits=453&category_id=333;Wall mounted, quick access storage solution for photo & video equipment. Compatible with all standard arca-swiss tripod plates.
89;Feiyu Scorp Mini: 4-in-1 Gimbal to Meet All Your Needs;Ended;64608%;Camera Equipment;Hong Kong, Hong Kong;February 9, 2023;FeiyuTech;['https://www.feiyu-tech.com/'];https://www.kickstarter.com/projects/feiyutech/feiyutech-scorp-mini-4-in-1-gimbal-to-meet-all-your-needs?ref=discovery_category_newest&total_hits=453&category_id=333;Camera & Smartphone Controller | Hyper-lapse | Panorama | Focus Follow | Auto Track | 3 Operation Modes | Quick Charge in 1.6Hrs
90;TEKE: Wireless & Reactive RGBW DMX LED Lighting System;Ended;454%;Camera Equipment;Los Angeles, CA;August 10, 2023;TEKE TECH;['https://www.teke.io/'];https://www.kickstarter.com/projects/teketech/teke-3d-wireless-and-reactive-dmx-bluetooth-rgbw-lighting?ref=discovery_category_newest&total_hits=453&category_id=333;Instantly apply animated, reactive effects from your phone or dmx art-net devices.
91;FROGPOD! A Magnetic Tripod Mount;Ended;2058%;Camera Equipment;Southbury, CT;November 25, 2022;Thomas Baisch;['https://infinitecraftsman.com/', 'https://frogpodarmy.com/'];https://www.kickstarter.com/projects/frogpod/frogpod?ref=discovery_category_newest&total_hits=453&category_id=333;A versatile magnetic mount for your cameras, phones, lights, and more! For more info, follow @FROGPOD_Army on Instagram!
92;4CH Surround View Dashcam Complete Safeguard Your Driving;Ended;1784%;Camera Equipment;Tokyo, Japan;August 31, 2022;AKEEYO;['https://www.akeeyo.com/'];https://www.kickstarter.com/projects/akeeyo/4ch-surround-view-dashcam-complete-safeguard-your-driving?ref=discovery_category_newest&total_hits=453&category_id=333;Front + rear + left + right side, monitoring without blind spot,  designed for All Car - truck, bus, emergency vehicles
93;ScopeAround Must-Have Household Otoscope;Ended;116%;Camera Equipment;San Francisco, CA;March 6, 2023;ScopeAround;['http://scopearound.com/'];https://www.kickstarter.com/projects/scopearound/scopearound-must-have-household-otoscope?ref=discovery_category_newest&total_hits=453&category_id=333;The easy to use, versatile camera for personal care
94;KASE IV — Wolverine Magnetic Filter Master Kit;Ended;252%;Camera Equipment;Hong Kong, Hong Kong;July 16, 2022;KASE;['https://kase4.lephome.com/?preview=true&contest_score=7'];https://www.kickstarter.com/projects/797918574/kase-iv-wolverine-magnetic-filter-master-kit?ref=discovery_category_newest&total_hits=453&category_id=333;Versatile adjustable magnetic filters that add depth to your photos. Suitable for photoshoots in most environments.
95;The Pull Up Camera Case;Ended;111%;Camera Equipment;Villingen-Schwenningen, Germany;August 10, 2022;Pull Up Case GmbH;['https://www.pullupcase.com/', 'https://www.instagram.com/pullupsuitcase/'];https://www.kickstarter.com/projects/pullupsuitcase/the-pull-up-camera-case?ref=discovery_category_newest&total_hits=453&category_id=333;The Pull Up Camera Case
96;Rhino Dolly - Big Moves for Small Teams;Ended;1558%;Camera Equipment;Puyallup, WA;March 1, 2024;Kyle Hart;['http://rhinocameragear.com/'];https://www.kickstarter.com/projects/rhinocg/rhino-dolly-big-moves-for-small-teams?ref=discovery_category_newest&total_hits=453&category_id=333;Capture mind blowing motorized dolly shots with a system that sets up in minutes and packs away in a single case.
97;Portland Camera Adapter;Ended;324%;Camera Equipment;Portland, OR;June 24, 2022;Jason Hilbourne;['https://www.utensile.com/'];https://www.kickstarter.com/projects/utensile/portland-camera-adapter?ref=discovery_category_newest&total_hits=453&category_id=333;It's an adapter that attaches your action camera to your Waydoo eFoil controller.
98;REVORING Swift: Magnetic Video and Photo Filter System;Ended;1736%;Camera Equipment;Hong Kong, Hong Kong;December 16, 2022;H&Y;['https://hy-filter.com/'];https://www.kickstarter.com/projects/revoring/revoring-swift-magnetic-video-and-photo-filter-system?ref=discovery_category_newest&total_hits=453&category_id=333;Fully Magnetic Filter System | One Snap Installation | Magnetic Matte Box & Square Filter Holder | One Filter on Multiple Thread Size
99;Trexo Slider: World's most compact camera slider;Ended;2123%;Camera Equipment;Middletown, DE;May 29, 2023;Trexo Innovation;['https://trexoin.com/'];https://www.kickstarter.com/projects/1592205788/trexo-slider-worlds-most-compact-camera-slider?ref=discovery_category_newest&total_hits=453&category_id=333;Powerful and compact camera slider with motion control, vertical operation, shareable presets, Timelapse and much more
100;Feiyu Qing Pro: Smart Electric Tripod Head;Ended;2291%;Camera Equipment;Los Angeles, CA;August 2, 2022;KiCA;['https://www.feiyu-tech.com/'];https://www.kickstarter.com/projects/kicajetfan/feiyu-qing-pro-smart-electric-tripod-head?ref=discovery_category_newest&total_hits=453&category_id=333;Camera Interface Controller | Remote DSLR Preview | Configuration through Handle
101;DIGI SWAP || Upcycling film cameras into digital cameras;Ended;105%;Camera Equipment;Osaka, Japan;August 19, 2022;Fireworks;[];https://www.kickstarter.com/projects/digiswap/digi-swap-upcycling-film-cameras-into-digital-cameras?ref=discovery_category_newest&total_hits=453&category_id=333;Patented adapter & app that upcycles film cameras allowing you to use the original camera settings to capture digital photos and video.
102;Platypod eXtreme: Compact Tripod Major Upgrade!;Ended;1170%;Camera Equipment;East Brunswick, NJ;February 7, 2025;Larry Tiefenbrunn;['https://platypod.com/', 'https://www.platypod.com/pages/delta'];https://www.kickstarter.com/projects/platyball/platypod-extreme-compact-tripod-major-upgrade?ref=discovery_category_newest&total_hits=453&category_id=333;All terrain camera support to deploy with your best tripod head in most any situation.
103;The First 720˚ Panoramic Mirror Dashcam with Parking Mode;Ended;1007%;Camera Equipment;Tokyo, Japan;July 19, 2022;AKEEYO;['https://www.akeeyo.com/'];https://www.kickstarter.com/projects/akeeyo/the-first-720-panoramic-mirror-dashcam-with-parking-mode?ref=discovery_category_newest&total_hits=453&category_id=333;Front, Left & Right Sides, In-car and Rear view can all be recorded at the same time, 2K+2K UHD, GPS, 24H Parking Monitoring
104;XTAR GP2: Capture Your GoProing Without Limits;Ended;239%;Camera Equipment;Los Angeles, CA;May 19, 2022;XTAR TECHNOLOGY INC;['https://xtardirect.com/', 'https://zc.xtardirect.com/', 'https://xtarcamera.com/'];https://www.kickstarter.com/projects/xtar/xtar-gp2-capture-your-goproing-without-limits?ref=discovery_category_newest&total_hits=453&category_id=333;Get rid of GoPro battery anxiety once and for all with our blazing-fast, dual-slot 3A portable charger & 12 hr. for HERO 5-10.
105;Pinhole Pro Max: Most Advanced Multi-Pinhole & Zoom Lens;Ended;2544%;Camera Equipment;Hong Kong, Hong Kong;January 7, 2023;Thingyfy;['https://www.pinholepro.org/'];https://www.kickstarter.com/projects/bozzou/pinholepro-max-worlds-most-advanced-pinhole-lens?ref=discovery_category_newest&total_hits=453&category_id=333;World's first pinhole lens with 6 different apertures and 18-36mm zoom in one, made for modern digital pinhole videos and photos
106;Trackit: Shoot & Vlog like a Pro;Ended;132%;Camera Equipment;Frankfurt Main, Germany;May 11, 2022;Uwe Ziegert;[];https://www.kickstarter.com/projects/trackit/trackit-shoot-and-vlog-like-a-pro?ref=discovery_category_newest&total_hits=453&category_id=333;Face recognition |360 rotating phone holder/tripod | Body Tracking| Long-Lasting Battery | Easy to Operate |
107;The Explorer | A Photo Booth that takes 60 seconds to set up;Ended;158%;Camera Equipment;Glendale, CA;August 15, 2022;LA Photo Party;[];https://www.kickstarter.com/projects/laphotoparty/the-explorer-a-versatile-photo-booth-to-grow-with?ref=discovery_category_newest&total_hits=453&category_id=333;Launch your photo booth business with a durable, portable, affordable solution, our latest innovation in a line of award-winning booths
108;SL660 - Interchangeable Lens SLR Analogue Instant Camera;Ended;1855%;Camera Equipment;Kowloon, Hong Kong;July 29, 2022;NONS;['https://www.instagram.com/nons.camera/', 'https://nonscamera.com/', 'https://www.facebook.com/groups/nons42', 'https://twitter.com/nonscamera'];https://www.kickstarter.com/projects/nonscamera/sl660-interchangeable-lens-slr-analogue-instant-camera?ref=discovery_category_newest&total_hits=453&category_id=333;Create sharpness and bokeh on instax Square Film, with vintage lenses of EF, M42, Nikon F, PK, and CY mounts.
109;Chiopt: A Full-frame Zoom Lens Used for Film and Television;Ended;114%;Camera Equipment;Singapore, Singapore;April 24, 2022;Chiopt;[];https://www.kickstarter.com/projects/chiopt/a-full-frame-zoom-lens-used-for-film-and-television?ref=discovery_category_newest&total_hits=453&category_id=333;Focus Length: 28-85mm & Maximum Aperture: T3.2 & Zoom Ratio: 3x & Full-frame Image & Constant Focus & Minimized Breathing
110;Slite. A super portable light for better photos and videos!;Ended;1747%;Camera Equipment;Melbourne, AU;June 5, 2023;Slite;['https://www.slite.co/'];https://www.kickstarter.com/projects/slite/slite-the-worlds-most-portable-light-for-creatives?ref=discovery_category_newest&total_hits=453&category_id=333;14mm thin. Less than 900g. 16 million colors. Magnetic back. USB-C. Smartphone app. 55 watt custom LEDs.
111;voto® lightbouncer pro: The Hassle-Free Light Modifier;Ended;113%;Camera Equipment;Erlenbach, Germany;September 7, 2022;Markus Kreuzer;['https://www.voto.eu/'];https://www.kickstarter.com/projects/markus-kreuzer/voto-lightbouncer-pro-the-hassle-free-light-modifier?ref=discovery_category_newest&total_hits=453&category_id=333;We are revolutionizing the light modifier market – with our innovative Easy-Mount carbon fiber frame and Quick-Zip System.
112;Snoppa Rover Electric Stabilization Cinema Dolly;Ended;686%;Camera Equipment;Shenzhen, China;February 10, 2023;Snoppa Technology;['https://www.snoppa.com/'];https://www.kickstarter.com/projects/atom2/snoppa-rover-electric-stabilization-cinema-dolly?ref=discovery_category_newest&total_hits=453&category_id=333;Electric Stabilization | Preprogrammed Movement | Precise Speed Control | Smart Object Tracking | Camera Control
113;bitLighter: portable focusable light for photo/video makers;Ended;993%;Camera Equipment;San Francisco, CA;June 8, 2022;bitLighter;['https://bitlighter.com/', 'https://instagram.com/bitlighter', 'https://facebook.com/bitLighter'];https://www.kickstarter.com/projects/bitlighter/portable-light-for-photo-video?ref=discovery_category_newest&total_hits=453&category_id=333;Portable focusable source of continuous light for photographers and videographers in the shape of a handheld flashlight.
114;Revolutionizing Photography with Infrared Filters in Seconds;Ended;550%;Camera Equipment;New York, NY;May 24, 2022;KASE;['http://en.kasecn.com/'];https://www.kickstarter.com/projects/863331717/revolutionizing-photography-with-infrared-filters-in-seconds?ref=discovery_category_newest&total_hits=453&category_id=333;KASE-77mm & 82mm l compatible with any lens l magical photos in seconds
115;Ask OLA! 2 Way Voice Commands Talking Security Camera;Ended;102%;Camera Equipment;New York, NY;May 24, 2022;Ola-USA;['https://ola-usa.com/'];https://www.kickstarter.com/projects/edenn/ask-ola-2-way-voice-commands-talking-security-camera?ref=discovery_category_newest&total_hits=453&category_id=333;Artificial Intelligence - Voice Activated Search - Facial Recognition - Body Movement Analysis - Fall, Cry & Panic Detection
116;Ulanzi Fill Light: Make Your Photo & Video Projects Brighter;Ended;560%;Camera Equipment;Hong Kong, Hong Kong;January 28, 2022;Ulanzi×Falcam;['https://www.ulanzi.com/', 'https://www.facebook.com/Ulanzi.Official', 'https://www.youtube.com/channel/UC-Jmw9-Jcq7lCuK-8t7_kiA/videos', 'https://www.instagram.com/ulanzi_official/', 'https://www.tiktok.com/@ulanzi?lang=zh-Hant-TW'];https://www.kickstarter.com/projects/588536510/ulanzi-fill-light-make-your-photo-and-video-projects-brighter?ref=discovery_category_newest&total_hits=453&category_id=333;The portable and adjustable light for laptops, phones, and tablets that makes your video and photography projects look professional.
117;Kinetic Arm | a handy rigging tool;Ended;522%;Camera Equipment;Barcelona, Spain;June 14, 2022;Kinetic Armatures   Citoplasmas;['https://www.kineticarmatures.com/', 'https://www.citoplasmas.com/'];https://www.kickstarter.com/projects/kineticarmatures/kinetic-arm-a-handy-rigging-tool?ref=discovery_category_newest&total_hits=453&category_id=333;A problem solving system to hold whatever you can imagine.
118;UNLEASHED '22: Timelapse, Long Exposure, Remote & Geotagging;Ended;1358%;Camera Equipment;Berlin, Germany;April 4, 2024;foolography GmbH;['https://www.foolography.com/', 'https://facebook.com/foolography', 'https://twitter.com/foolography', 'https://instagram.com/foolography'];https://www.kickstarter.com/projects/foolography/unleashed-22?ref=discovery_category_newest&total_hits=453&category_id=333;The tiny Unleashed Bluetooth module on your camera's side + our user-friendly app help you take epic photos and timelapses effortlessly
119;The Travel Pack: The Ultimate Travel & Photography Backpack;Ended;252%;Camera Equipment;London, UK;October 28, 2022;Reika;['https://reikabags.co.uk/', 'https://instagram.com/reikabags', 'https://facebook.com/reikabags/'];https://www.kickstarter.com/projects/reika/modular-3-in-1-travel-pack-made-from-recycled-ocean-plastic?ref=discovery_category_newest&total_hits=453&category_id=333;The modular travel and photography all-rounder backpack. Ethically sourced & sustainably engineered to help you do more and go further.
120;Pinsta Instant Camera - Micro Darkroom and Negative Enlarger;Ended;331%;Camera Equipment;Warwick, UK;May 22, 2022;Oliver New;['https://www.novalecterns.co.uk/', 'https://www.novacrylics.co.uk/', 'https://www.apurpleturkey.com/'];https://www.kickstarter.com/projects/1221830697/pinsta-instant-camera-micro-darkroom-and-negative-enlarger?ref=discovery_category_newest&total_hits=453&category_id=333;Analogue Photography for Everyone! Shoot, Develop, Enlarge and Customise Your Own Prints without a Darkroom.
121;Rotolight NEO 3 and AEOS 2 LED Camera Lights;Ended;4279%;Camera Equipment;London, UK;April 15, 2024;Rotolight;['https://www.rotolight.com/'];https://www.kickstarter.com/projects/rotolight/neo3-and-aeos2?ref=discovery_category_newest&total_hits=453&category_id=333;Incredibly powerful LED lights for photographers & videographers on the go or in a studio
122;GREAT JOY: Ultimate 1.8x Anamorphic Solution for Filmmakers;Ended;1495%;Camera Equipment;New York, NY;April 28, 2023;GREAT JOY;[];https://www.kickstarter.com/projects/greatjoyopt/great-joy-professional-film-master-perspective?ref=discovery_category_newest&total_hits=453&category_id=333;FF 60mm T2.9 1.33X Anamorphic lens with 1.35X Anamorphic Adapter.  Ignite Your Passion For Cinematography.
123;Loupe for watches;Ended;209%;Camera Equipment;Paris, France;June 12, 2024;J Latapie;['https://eagleeyewatches.fr/'];https://www.kickstarter.com/projects/eagleeyewatches/loupe-for-watches?ref=discovery_category_newest&total_hits=453&category_id=333;"A loupe to travel into your dial.
One important tool for a watch collector is a good loupe."
124;MagicBox ML40 360° Smart Photo Bench;Ended;194%;Camera Equipment;Hong Kong, Hong Kong;January 14, 2022;Jimuyida;['https://www.magicbox360.com/', 'http://jimuyida.com/'];https://www.kickstarter.com/projects/jimuyida/magicbox-ml40-360-smart-photo-bench?ref=discovery_category_newest&total_hits=453&category_id=333;The All-In-One Magical Product Shooting Studio You’ve Been Looking For with Built-In 360° Turntable
125;AIOTO GO: The Smartest 4G-LTE Mobile Security Camera;Ended;124%;Camera Equipment;Taipei City, Taiwan;February 9, 2022;AIOTO Tech.;[];https://www.kickstarter.com/projects/aiototech/aioto-go-the-smartest-ai-powered-4g-outdoor-security-camera?ref=discovery_category_newest&total_hits=453&category_id=333;AI-Powered Motion Detection | Smart Scheduling |  Free Sim Card | 1080p Full HD | Rechargeable Battery
126;MIOFIVE 4K UHD Dash Cam;Ended;247%;Camera Equipment;Hong Kong, Hong Kong;May 11, 2023;MIOFIVE;['https://www.miofive.com/'];https://www.kickstarter.com/projects/miofive/miofive-4k-uhd-dash-cam?ref=discovery_category_newest&total_hits=453&category_id=333;An AI-enabled smartest 5G Wi-Fi 4K UHD dashcam with a built-in eMMC storage capacity！
127;SmokeGENIE: a Game-changing Smoke Machine for Creators;Ended;264%;Camera Equipment;Hong Kong, Hong Kong;August 29, 2023;PMI Gear;['https://www.pmigear.com/', 'https://www.instagram.com/PMI_gear', 'https://www.facebook.com/groups/825336975970098'];https://www.kickstarter.com/projects/pmigear/smokegenie-a-game-changing-smoke-machine-for-creators?ref=discovery_category_newest&total_hits=453&category_id=333;Empowering independent creators with this Fog / Haze / low-hang Fog / Dry Ice effect / SFX All-in-One Magic-Making device.
128;Ulanzi Falcam F22 Quick Release System;Ended;227%;Camera Equipment;Hong Kong, Hong Kong;December 10, 2021;Ulanzi×Falcam;['https://www.ulanzi.com/', 'https://www.facebook.com/Ulanzi.Official', 'https://www.youtube.com/channel/UC-Jmw9-Jcq7lCuK-8t7_kiA/videos', 'https://www.instagram.com/ulanzi_official/', 'https://www.tiktok.com/@ulanzi?lang=zh-Hant-TW'];https://www.kickstarter.com/projects/588536510/ulanzi-falcam-f22-quick-release-system?ref=discovery_category_newest&total_hits=453&category_id=333;A Must-Have Camera Accessory Kit for Filmmakers & Photographers, Save on Unnecessary Components.
129;Dride 4K | Next gen connected dashcam;Ended;11911%;Camera Equipment;San Francisco, CA;March 13, 2024;Dride, Inc.;['https://dride.io/', 'https://twitter.com/drideHQ', 'https://facebook.com/dride.io/'];https://www.kickstarter.com/projects/dride/dride-4k-next-gen-connected-dashcam?ref=discovery_category_newest&total_hits=453&category_id=333;4K, remotely accessible, heat resistant, radar based motion detection, GPS, 4G LTE, dual cam, rear cam
130;HeliosCam: Wireless 4K x 3 Panoramic Security Camera;Ended;1323%;Camera Equipment;Kowloon, Hong Kong;September 18, 2022;Matrix Scene;['https://www.matrix-scene.com/helioscam/index.html', 'https://www.facebook.com/groups/226749589326144'];https://www.kickstarter.com/projects/764574667/helioscam-wireless-4k-x-3-panoramic-security-camera?ref=discovery_category_newest&total_hits=453&category_id=333;HeliosCam is a 360 degree panoramic security camera with intelligent AI recognition. HeliosCam is easily installed anywhere.
131;VuePoint: Ultralight Ultrafast Full-Size Travel Tripods;Ended;338%;Camera Equipment;San Luis Obispo, CA;October 18, 2021;Matthew Carver;['http://www.mjcarver.com/', 'https://www.vuepointultralight.com/'];https://www.kickstarter.com/projects/vuepoint/vuepoint-ultralight-ultrafast-full-size-travel-tripods?ref=discovery_category_newest&total_hits=453&category_id=333;"An adventure-ready full-size 42"" travel tripod that's as light as a phone and sets up in under 4 seconds."
132;Tarion Zone: Modular, Customizable Organizer & Backpack;Ended;373%;Camera Equipment;Suzhou, China;April 28, 2022;Tarion;['https://tarion.eu/'];https://www.kickstarter.com/projects/tarion/tarion-zone?ref=discovery_category_newest&total_hits=453&category_id=333;Build Your Own Bag | LEGO-like system | Fully Customizable | Expandable | Light-weight | For long & short trips | City & Outdoors
133;Large-format Pinhole Cameras to Build at Home;Ended;108%;Camera Equipment;Denver, CO;January 12, 2022;David Hancock;['https://www.youtube.com/c/DavidHancock'];https://www.kickstarter.com/projects/davidmhancock/large-format-pinhole-cameras-to-build-at-home?ref=discovery_category_newest&total_hits=453&category_id=333;Durable, Precise, Fun, Build-at-home Large Format Pinhole Cameras for Serious Film and Pinhole Photographers
134;NONS SL42 Black-Interchangeable lens SLR instant film camera;Ended;282%;Camera Equipment;Kowloon, Hong Kong;March 11, 2022;NONS;['https://www.instagram.com/nons.camera/', 'https://nonscamera.com/', 'https://www.facebook.com/groups/nons42', 'https://twitter.com/nonscamera'];https://www.kickstarter.com/projects/nonscamera/nons-sl42-black-interchangeable-lens-slr-instant-film-camera?ref=discovery_category_newest&total_hits=453&category_id=333;Compatible with EF, M42, Nikon F, PK, CY & medium format lenses. Rediscover the joy of film photography, instantly.
135;Fjorden: Faster camera controls, now on your iPhone.;Ended;2186%;Camera Equipment;Oslo, Norway;June 6, 2024;Fjorden;['https://fjorden.co/', 'https://www.instagram.com/fjordenco/', 'https://twitter.com/fjordenco/', 'https://www.facebook.com/fjordenco'];https://www.kickstarter.com/projects/fjorden/fjorden-iphone-photography-reinvented?ref=discovery_category_newest&total_hits=453&category_id=333;Never miss the decisive moment. For any shooting situation, Fjorden gives you DSLR-like camera controls to capture your creative vision
136;PHOTOHIKER – Hiking Backpack for Photographers;Ended;153%;Camera Equipment;Berlin, Germany;May 26, 2023;Thomas Ludwig / COSYSPEED;['https://www.cosyspeed.com/'];https://www.kickstarter.com/projects/cosyspeed-germany/photohiker-hiking-backpack-for-photographers?ref=discovery_category_newest&total_hits=453&category_id=333;The PHOTOHIKER camera backpack is build around a carrying system from high end hiking backpacks – designed by COSYSPEED / Made by VAUDE
137;XTAR SN4: 7-in-1 Multiple Camera Battery Charger;Ended;1339%;Camera Equipment;Los Angeles, CA;August 26, 2021;XTAR TECHNOLOGY INC;['https://xtardirect.com/', 'https://zc.xtardirect.com/', 'https://xtarcamera.com/'];https://www.kickstarter.com/projects/xtar/xtar-sn4-the-super-fast-multiple-camera-battery-charger?ref=discovery_category_newest&total_hits=453&category_id=333;Portable Adaptive Charging Hub and Modular Docking Station for Photographers and Videographers
138;CharisMic: Magnetic Lapel Microphone with customized badges.;Ended;670%;Camera Equipment;New York, NY;November 1, 2021;PowerDeWise;['https://powerdewise.com/'];https://www.kickstarter.com/projects/powerdewise/charismic-magnetic-lapel-microphone-with-customized-badges?ref=discovery_category_newest&total_hits=453&category_id=333;Make vlogging fun! Get tons of likes!
139;RayShot: Pocket-Sized 4G Gimbal Smart Camera;Ended;1111%;Camera Equipment;Hong Kong, Hong Kong;August 23, 2021;Rayshot;[];https://www.kickstarter.com/projects/rayshot/rayshot-pocket-sized-4g-gimbal-smart-camera?ref=discovery_category_newest&total_hits=453&category_id=333;Take a pocket-sized 3-axis stabilization gimbal, 4G Wireless, Android 10, IPS 2.0” touch screen 4K Smart Camera everywhere you go.
140;Trident 101 R01;Ended;114%;Camera Equipment;Arcadia, CA;May 23, 2022;G-SAU;[];https://www.kickstarter.com/projects/trident101/trident-101-r01?ref=discovery_category_newest&total_hits=453&category_id=333;Night Vision Fishing Camera, we would like to help those angler feeling excited where there fishes around the hook
141;OBSBOT Me: AI-Powered, Auto-Tracking Phone Mount;Ended;890%;Camera Equipment;Hong Kong, Hong Kong;September 5, 2023;OBSBOT;['http://www.remo-ai.com/'];https://www.kickstarter.com/projects/obsbot-me/obsbot-me-ai-powered-selfie-phone-mount?ref=discovery_category_newest&total_hits=453&category_id=333;OBSBOT Me is designed to empower your phone, for selfies, vlogging, streaming, video calls, etc.
142;DropKey®: The World's First Inflatable Green Screen Studio!;Ended;964%;Camera Equipment;Hollywood, CA;September 15, 2024;DropKey® Pop-up Studios®;[];https://www.kickstarter.com/projects/dropkey-studio/dropkey-pop-up-studios-with-camera-app-and-mediabooktv?ref=discovery_category_newest&total_hits=453&category_id=333;Equipped with camera app, wireless lighting controller & audio mixer, DropKey® enables you to create broadcast-quality videos anywhere!
143;MOZA Slypod Pro, Carbon Fiber 3-In-1 Electric Monopod;Ended;3674%;Camera Equipment;Hong Kong, Hong Kong;November 11, 2021;MOZA Slypod Pro;[];https://www.kickstarter.com/projects/mozaslypodpro/moza-slypod-pro-do-wonders?ref=discovery_category_newest&total_hits=453&category_id=333;"The redefined monopod combines an electric slider & jib arm empowering content creators to ""Capture the World's Wonders""."
144;Orbit: A suspended Orbiting Camera Dolly;Ended;6326%;Camera Equipment;Los Angeles, CA;April 6, 2023;Josh Yeo (MAKE ART NOW);['https://www.youtube.com/c/MAKEARTNOWCHANNEL', 'https://www.makeartnow.com/'];https://www.kickstarter.com/projects/marbl/orbit-a-suspended-orbiting-camera-dolly?ref=discovery_category_newest&total_hits=453&category_id=333;What tool does a cinematographer build for himself?  A stealthy silent, bluetooth controlled, orbiting camera dolly with lighting.
145;Hookpod: The Ultimate Tripod For Camera Lovers;Ended;908%;Camera Equipment;Italia, Italy;September 18, 2021;Hookpod;['https://www.hookpod.net/'];https://www.kickstarter.com/projects/hookpod-official/hookpod-the-ultimate-tripod-for-camera-lovers?ref=discovery_category_newest&total_hits=453&category_id=333;A new multifunctional tripod, every time ready to use, perfect for every camera lovers and more
146;EF Mount SLR Instant Camera - NONS SL42 with Format Extender;Ended;271%;Camera Equipment;Kowloon, Hong Kong;March 11, 2022;NONS;['https://www.instagram.com/nons.camera/', 'https://nonscamera.com/', 'https://www.facebook.com/groups/nons42', 'https://twitter.com/nonscamera'];https://www.kickstarter.com/projects/nonscamera/ef-mount-slr-instant-camera-nons-sl42-with-format-extender?ref=discovery_category_newest&total_hits=453&category_id=333;Start your adventure of analog photography with full-frame lens and Instax film.
147;Reveni Labs Spot Meter: Tiny Spot Meter For Your Film Camera;Ended;1006%;Camera Equipment;Brampton, Canada;March 3, 2023;Matt Bechberger;['https://www.reveni-labs.com/'];https://www.kickstarter.com/projects/mattbechberger/reveni-labs-spot-meter-tiny-spot-meter-for-your-film-camera?ref=discovery_category_newest&total_hits=453&category_id=333;A small, affordable spot meter for film photography
148;Polaris - Smart Electric Tripod Head;Ended;10402%;Camera Equipment;Kowloon, Hong Kong;June 11, 2023;BenroPolaris;['https://www.benro.com/', 'https://www.facebook.com/BenroWorldwide/'];https://www.kickstarter.com/projects/benropolaris/polaris-smart-electric-tripod-head?ref=discovery_category_newest&total_hits=453&category_id=333;A Smart Electric Tripod Head with Camera Interface Controller, Remote DSLR Preview & Configuration through WiFi/Cellular
149;OCham invisible 360° camera mount;Ended;879%;Camera Equipment;Luxembourg City, Luxembourg;May 9, 2021;Laurent Breyer;[];https://www.kickstarter.com/projects/ocham/o-cham-action-chameleon?ref=discovery_category_newest&total_hits=453&category_id=333;A magnetic mounting frame for the Insta360 ONE R camera.
150;FLEX: Smart Camera Gadget for Creative Photography;Ended;1074%;Camera Equipment;Newark, DE;August 29, 2023;MIOPS;['https://www.miops.com/'];https://www.kickstarter.com/projects/nerotrigger/flex?ref=discovery_category_newest&total_hits=453&category_id=333;The Easiest Way of Taking Creative Photos
151;The Camera Battery Re-invented;Ended;2213%;Camera Equipment;Los Angeles, CA;February 13, 2021;X-TRA;[];https://www.kickstarter.com/projects/x-tra/the-camera-battery-re-invented?ref=discovery_category_newest&total_hits=453&category_id=333;2X Capacity | Charge Level Indicator ｜Quick Reload | Supply power via USB-C | Power bank Feature | USB-C Fast Charging | Grip Extension
152;Bronine Volkit : The All-In-One AI Camera Charger;Ended;262%;Camera Equipment;Seoul, South Korea;November 26, 2021;Bronine;['https://www.bronine.com/'];https://www.kickstarter.com/projects/bronine/bronine-ai-volkit-charger?ref=discovery_category_newest&total_hits=453&category_id=333;Charge 4 different batteries at the same time! Our Free Voltage Camera Charger works with all major camera/drone brands.
153;Lime One: A Compact Light Meter for Analog Cameras;Ended;290%;Camera Equipment;Nuremberg, Germany;February 2, 2023;Johannes Heberlein;['https://hedeco.de/', 'https://www.instagram.com/hede_co_/', 'https://twitter.com/hede_co_', 'https://thingiverse.com/joo'];https://www.kickstarter.com/projects/2058491331/lime-one-a-compact-light-meter-for-analog-cameras?ref=discovery_category_newest&total_hits=453&category_id=333;A fast and compact solution for metering when using manually controllable cameras
154;RGKit Play: Play with movement like a pro.;Ended;414%;Camera Equipment;Newark, DE;November 17, 2021;Argineering;['https://argineering.net/', 'http://rgkitplay.com/'];https://www.kickstarter.com/projects/argineering/rgkit-play?ref=discovery_category_newest&total_hits=453&category_id=333;A motion control kit that lets you add tons of movements to your design, camera and light, instantly.
155;INOVATIV QR (Quick-Release) System;Ended;420%;Camera Equipment;Los Angeles, CA;October 30, 2020;INOVATIV, INC.;['https://inovativ.com/'];https://www.kickstarter.com/projects/patrickblewett/inovativ-qr-quick-release-system?ref=discovery_category_newest&total_hits=453&category_id=333;A universal Quick-Release System for VESA compatible monitors of all types.
156;Trexo Wheels: World’s first Image Processing Table-Top Dolly;Ended;914%;Camera Equipment;Middletown, DE;March 10, 2021;Trexo Innovation;['https://trexoin.com/'];https://www.kickstarter.com/projects/1592205788/trexo-wheels-worlds-first-image-processing-table-top-dolly?ref=discovery_category_newest&total_hits=453&category_id=333;Trexo Wheels | World’s first Table Top Dolly equipped with Image Processing
157;NanoLockit Logger - mark good & bad takes while on set;Ended;101%;Camera Equipment;Munich, Germany;January 14, 2021;Ambient Recording;['https://www.ambient.de/', 'https://logger.ambient.de/'];https://www.kickstarter.com/projects/ambientrecording/nanolockit-logger-mark-good-and-bad-takes-while-on-set?ref=discovery_category_newest&total_hits=453&category_id=333;Let's create magic: we develop a device that marks good & bad takes while shooting. Just import the markers to your editing software.
158;Arsenal 2, the Intelligent Camera Assistant;Ended;4244%;Camera Equipment;Bozeman, MT;December 18, 2022;Ryan Stout;['https://witharsenal.com/'];https://www.kickstarter.com/projects/2092430307/arsenal-2?ref=discovery_category_newest&total_hits=453&category_id=333;Smarter than ever, Arsenal 2 uses AI to help you take amazing photos.
159;Secure Deliveries Made Easy with SmartDrop;Ended;726%;Camera Equipment;Seattle, WA;May 9, 2024;Eufy Security;['https://us.eufy.com/'];https://www.kickstarter.com/projects/eufy-security/take-control-over-your-deliveries-with-eufy-smart-drop?ref=discovery_category_newest&total_hits=453&category_id=333;Anti Package Theft | 5 Ways to Open | Delivery Notification & Video | 1080p Camera | Voice Assistant Compatible | Courier Friendly
160;REVORING: A Variable Step Ring for your Camera Lens Filters;Ended;6185%;Camera Equipment;Hong Kong, Hong Kong;December 16, 2022;H&Y;['https://hy-filter.com/'];https://www.kickstarter.com/projects/revoring/revoring-a-variable-step-ring-for-your-camera-lens-filters?ref=discovery_category_newest&total_hits=453&category_id=333;Photography & Videography made simple with the use of one camera lens filter on multiple thread size lenses.
161;BIGSOFTI: A portable soft-light for better photos & video.;Ended;3732%;Camera Equipment;Sydney, AU;July 18, 2021;BIGSOFTI;['https://www.bigsofti.com/'];https://www.kickstarter.com/projects/bigsofti/bigsofti-a-mobile-soft-light-for-better-photos-and-video?ref=discovery_category_newest&total_hits=453&category_id=333;Fits phones, tablets, laptops, cameras & more. 3 Brightness Settings x 3 Color Settings. Only 74g/2.6oz. For beginners & experts alike.
162;LumenArc PHOTON;Ended;100%;Camera Equipment;Los Angeles, CA;August 23, 2020;Donald Nguyen;['https://www.lumenarctech.com/'];https://www.kickstarter.com/projects/photonlight/lumenarc-photon?ref=discovery_category_newest&total_hits=453&category_id=333;The first all-in-one utility light for film production and beyond.
163;ProGrip: Reassuring Ergonomic Battery Grip for Mobile Phones;Ended;1402%;Camera Equipment;San Francisco, CA;August 6, 2024;SHIFTCAM;['https://shiftcam.com/'];https://www.kickstarter.com/projects/shiftcam/progrip-a-reassuring-battery-grip-for-all-mobiles?ref=discovery_category_newest&total_hits=453&category_id=333;The ProGrip is not just evolutionary, it's a multifunctional Battery Grip that redefines mobile photography and videography.
164;Birdsy AI records and IDs birds & wildlife for you;Ended;191%;Camera Equipment;New York, NY;April 14, 2021;Birdsy;['https://birdsy.com/'];https://www.kickstarter.com/projects/birdsy/birdsy-ai-records-and-ids-birds-and-wildlife-for-you?ref=discovery_category_newest&total_hits=453&category_id=333;What birds visit your feeder and what are they up to? Capture and share the best moments with Birdsy.
165;3 Footed Monster - A giant leap for mount technology;Ended;173%;Camera Equipment;Adelaide, AU;February 1, 2021;Mark Boxer;['https://www.hoongear.com/', 'https://www.instagram.com/3footedmonster', 'https://www.facebook.com/3footedmonster'];https://www.kickstarter.com/projects/3footedmonster/3-footed-monster?ref=discovery_category_newest&total_hits=453&category_id=333;The ultimate magnetic mount for your camera, phone, light or anything else you can think of!
166;VESANY Hidden Camera Detector;Ended;790%;Camera Equipment;Wan Tsai, Hong Kong;July 18, 2020;Fungwai Curates;['https://www.fungwai.net/'];https://www.kickstarter.com/projects/fungwai/vesany-hidden-camera-detector?ref=discovery_category_newest&total_hits=453&category_id=333;Anti Spy Cam | Anti GPS Locator | Anti Break-in | Anti Theft | Sleek & Compact | Must-Have Travel Companion
167;I'm Back® 35 - An 50's camera that takes digital photos?;Ended;4723%;Camera Equipment;Lugano, Switzerland;December 11, 2024;Samuel Mello Medeiros;['http://www.samellos.eu/', 'https://www.facebook.com/ImBackCamera', 'https://mobile.twitter.com/samellos123', 'https://it.pinterest.com/samellos/', 'http://www.imback.eu/', 'https://www.instagram.com/imbackofficial'];https://www.kickstarter.com/projects/samellos/im-back-35-new-version-with-manual-priority-function?ref=discovery_category_newest&total_hits=453&category_id=333;Are you analog and have a roll already?  I am not jealous. I'm Back®35.
168;Reveni Labs Light Meter: Tiny Meter For Your Old Cameras;Ended;777%;Camera Equipment;Brampton, Canada;February 8, 2021;Matt Bechberger;['https://www.reveni-labs.com/'];https://www.kickstarter.com/projects/mattbechberger/reveni-labs-light-meter-tiny-meter-for-your-old-cameras?ref=discovery_category_newest&total_hits=453&category_id=333;A very tiny photographic light meter
169;The First M42 Mount SLR Instant Camera - NONS SL42;Ended;123%;Camera Equipment;Hong Kong, Hong Kong;March 11, 2022;NONS;['https://www.instagram.com/nons.camera/', 'https://nonscamera.com/', 'https://www.facebook.com/groups/nons42', 'https://twitter.com/nonscamera'];https://www.kickstarter.com/projects/nonscamera/the-first-m42-mount-slr-instant-camera-nons-sl42?ref=discovery_category_newest&total_hits=453&category_id=333;Compatible with Interchangeable M42 lens and instax mini instant film, SL42 makes memories tangible.
170;Negative Supply: Film Carrier 120 for Camera Scanning;Ended;441%;Camera Equipment;Philadelphia, PA;December 12, 2020;Saxon McClamma;['http://saxonmcclamma.com/', 'https://www.negative.supply/'];https://www.kickstarter.com/projects/negativesupply/negative-supply-film-carrier-120-for-camera-scanning?ref=discovery_category_newest&total_hits=453&category_id=333;Scan full rolls of medium format film (uncut or in strips) in as little as two minutes using your digital camera, from 6x4.5 to 6x9cm.
171;Platyball Elite & Ergo;Ended;2935%;Camera Equipment;East Brunswick, NJ;January 7, 2025;Larry Tiefenbrunn;['https://platypod.com/', 'https://www.platypod.com/pages/delta'];https://www.kickstarter.com/projects/platyball/platyball-elite-and-ergo?ref=discovery_category_newest&total_hits=453&category_id=333;Next Level Tripod Heads
172;AKARI - Top Level Privacy AI Thermal Home Care Camera;Ended;142%;Camera Equipment;Osaka-shi, Japan;December 25, 2020;AKARI, Inc.;['https://akari.ai/'];https://www.kickstarter.com/projects/akari/akari-the-first-ai-thermal-home-care-camera?ref=discovery_category_newest&total_hits=453&category_id=333;"Privacy Protection | AI Customizable | Elder Care | Event Reminder | Home Care
| Thermal Wave | Indoor Positioning | IFTTT"
173;Relio² 2020 Editions • Professional lighting for Everyone;Ended;1384%;Camera Equipment;Brescia, Italy;April 6, 2022;Relio Labs;['https://www.relio.it/', 'https://www.thetypeworld.com/'];https://www.kickstarter.com/projects/reliolabs/relio2-2020-editions-professional-lighting-for-everyone?ref=discovery_category_newest&total_hits=453&category_id=333;"How much do you know about light?
Relio is back with two incredible kits, to make you love light... again!"
174;Zoomiee: The better way to 'zoom-in!';Ended;107%;Camera Equipment;Austin, TX;January 2, 2020;Bronchae Brown;['http://www.zoomiee.com/', 'https://blog.zoomiee.com/'];https://www.kickstarter.com/projects/zoomiee/zoomiee-the-better-way-to-zoom-in?ref=discovery_category_newest&total_hits=453&category_id=333;When your cellphone's zoom cannot get the details you want!
175;ShotArm -Robotic camera motion control;Ended;102%;Camera Equipment;Christchurch, NZ;June 17, 2021;Mechatrek;[];https://www.kickstarter.com/projects/1975275641/shotarm-robotic-camera-motion-control?ref=discovery_category_newest&total_hits=453&category_id=333;Robotic motion control for DSLR cameras and phones
176;NK-M180 video light;Ended;271%;Camera Equipment;Sydney, AU;May 13, 2020;Capture cinema light gear;[];https://www.kickstarter.com/projects/ultracinemalight/nk-m180-video-light?ref=discovery_category_newest&total_hits=453&category_id=333;A compact LED light for video with built-in battery
177;Capture Pocket: Pocket size, 4K gimbal camera;Ended;342%;Camera Equipment;Shenzhen, China;August 23, 2021;FUNSNAP;['https://www.facebook.com/'];https://www.kickstarter.com/projects/chrisforever/capture-pocket-handheld-4k-camera-with-stabilizers?ref=discovery_category_newest&total_hits=453&category_id=333;Our pocket-sized 4K camera has voice control, external mic support and is extremely affordable.
178;The Slimmest: Funleader CapLens 18mm f/8.0;Ended;134%;Camera Equipment;Hong Kong, Hong Kong;December 19, 2019;Artboard Marketing;['https://www.facebook.com/Funleader'];https://www.kickstarter.com/projects/funleader18/the-slimmest-funleader-lenscap-18mm-f-80?ref=discovery_category_newest&total_hits=453&category_id=333;FUNLEADER Cap Lens 18mm f/8 is an incredible camera lens that giving you joyful experience in photography.
179;SNAP Mount: Versatile Action Camera Mount;Ended;119%;Camera Equipment;Ashburn, VA;April 30, 2020;SNAP Mounts;['https://snapmounts.com/'];https://www.kickstarter.com/projects/snapmounts/snap-mount-experience-freedom?ref=discovery_category_newest&total_hits=453&category_id=333;A versatile, two part magnetic action camera mount that allows you to mount your GoPro or DJI Osmo Action cameras to almost anything.
180;VIEWPT NANO| World’s First 4K 3D VR Live Streaming Camera;Ended;395%;Camera Equipment;Hong Kong, Hong Kong;September 30, 2020;VIEWPT;['http://www.viewpt.io/'];https://www.kickstarter.com/projects/607993478/viewpt-vr180-nanoworlds-first-4k-vr-live-streaming-camera?ref=discovery_category_newest&total_hits=453&category_id=333;The Most Incredible Live Streaming & Capture 4k@30FPS Video VR180 Camera, Compatible with Google VR180 Specifications
181;ADAPTALUX FLASH ARMS: Adaptable Flash Photography Lighting;Ended;159%;Camera Equipment;London, UK;October 17, 2022;Adaptalux Ltd.;['http://adaptalux.com/', 'https://www.facebook.com/adaptalux', 'https://twitter.com/Adaptalux', 'https://www.flickr.com/photos/125216703@N02/', 'https://plus.google.com/+Adaptalux', 'https://instagram.com/adaptalux/'];https://www.kickstarter.com/projects/adaptalux/adaptalux-flash-arms-adaptable-flash-photography-lighting?ref=discovery_category_newest&total_hits=453&category_id=333;Bringing Xenon Flash to the Adaptalux Studio. Highly adaptable modular Flash Arms that are great for macro photography.
182;Hakutatz Pocket Size RGB+AW LED Light;Ended;100%;Camera Equipment;Las Vegas, NV;November 28, 2019;Bryan L;['https://hakutatzusa.com/'];https://www.kickstarter.com/projects/hakutatzusa/hakutatz-pocket-size-rgb-aw-led-light?ref=discovery_category_newest&total_hits=453&category_id=333;Better Lighting, Better Photographs with Hakutatz Pocket size RGB LED Light
183;Kapture One Bi Color Cinema Lighting;Ended;100%;Camera Equipment;Sydney, AU;October 31, 2019;Capture cinema light gear;[];https://www.kickstarter.com/projects/ultracinemalight/capture-one-bi-color-cinema-lighting?ref=discovery_category_newest&total_hits=453&category_id=333;A compact bright bi-color cinema light
184;Cambox V4 Pro - A breakthrough Helmet Camera !;Ended;343%;Camera Equipment;Nantes, France;September 24, 2020;Cambox Vision;[];https://www.kickstarter.com/projects/cambox-v4-pro/cambox-v4-pro-a-breakthrough-helmet-camera?ref=discovery_category_newest&total_hits=453&category_id=333;"The first 4K action camera fastened under your visor. Suitable with all helmets & peaks. 
Capture & Share all your footages."
185;CHASING DORY Underwater Drone;Ended;802%;Camera Equipment;Shenzhen, China;January 18, 2020;Chasing Underwater Drones;['https://www.chasing.com/'];https://www.kickstarter.com/projects/chasingdory/chasing-dory-underwater-drone?ref=discovery_category_newest&total_hits=453&category_id=333;So small and so easy to use. Explore the waters below with this incredibly portable and affordable underwater drone.
186;Axibo Pan | Tilt | Slide: A.I. Powered Camera Assistant;Ended;235%;Camera Equipment;Guelph, Canada;May 2, 2023;Axibo Media;[];https://www.kickstarter.com/projects/axibomedia/axibo?ref=discovery_category_newest&total_hits=453&category_id=333;An automated camera mount that can be used to frame up subjects and take pictures and video with a DSLR
187;Asokee - boost your GoPro in a switch!;Ended;127%;Camera Equipment;London, UK;March 23, 2021;Asokee;['https://www.asokee.com/'];https://www.kickstarter.com/projects/asokee/overlab?ref=discovery_category_newest&total_hits=453&category_id=333;Add features to your action cam. Perfect for vlogging & travelling
188;""" Bezamod P6K "" - PL Mount for Your Pocket 6K and URSA Mini!";Ended;100%;Camera Equipment;Los Angeles, CA;October 8, 2020;Clifton Stommel;['https://youtube.com/user/cliftonstommel', 'https://stommelhaus.com/'];https://www.kickstarter.com/projects/cliftonstommel/pocket-6k-pl-mount?ref=discovery_category_newest&total_hits=453&category_id=333;A User-Swappable PL mod for the Pocket Cinema Camera 6K and URSA Mini Classic
189;Digislider Extendable Wireless Motorised Slider;Ended;197%;Camera Equipment;London, UK;September 15, 2019;Digislider;['https://musclemountainstore.etsy.com/', 'https://musclemountain.store/', 'https://www.digislider.co.uk/'];https://www.kickstarter.com/projects/mountainproducts/digislider-extendable-wireless-motorised-slider?ref=discovery_category_newest&total_hits=453&category_id=333;A versatile and extendable carbon fibre camera slider with smartphone control for video and shoot-move-shoot time lapse.
190;PRE-ORDER MAGICBOOSTER POCKET 6K;Ended;267%;Camera Equipment;Italia, Italy;June 6, 2020;LucAdapters;['https://it-it.facebook.com/LucAdapters/', 'https://www.lucadapterstore.com/'];https://www.kickstarter.com/projects/lucadapters/pre-order-magicbooster-pocket-6k?ref=discovery_category_newest&total_hits=453&category_id=333;Focal reducer for Blackmagic Pocket Cinema Camera 6K
191;Lumin8: The World's Most Versatile LED Light;Ended;5403%;Camera Equipment;San Diego, CA;June 22, 2020;Lumin8;['https://www.lumin8led.com/'];https://www.kickstarter.com/projects/lumin8/lumin8-the-worlds-most-versatile-led-light?ref=discovery_category_newest&total_hits=453&category_id=333;Lumin8 is revolutionizing how and where beautifully lit media can be captured one light at a time.
192;The ChromaGraphica Double Dry Plate Holder;Ended;128%;Camera Equipment;Brookline, NH;October 30, 2020;Pictoriographica LLC;['https://www.pictoriographica.com/'];https://www.kickstarter.com/projects/dryplateholder/the-chromagraphica-double-dry-plate-holder?ref=discovery_category_newest&total_hits=453&category_id=333;A new, modern double dry plate holder for 4x5, 5x7, and 8x10 dry plate photography
193;Walnut CAMERA OBSCURA: Draw, Paint, Capture the Image!;Ended;604%;Camera Equipment;Lincoln, CA;December 22, 2019;Les Cookson & Ken Higginson;['http://drawlucy.com/', 'https://animationdome.com/'];https://www.kickstarter.com/projects/amat/walnut-camera-obscura-draw-paint-capture-the-image?ref=discovery_category_newest&total_hits=453&category_id=333;The Old Masters' Secret Tool for Today's Artists & Photographers. Wooden Camera for Drawing, Painting & Taking Unforgettable Photos!
194;Adapter Mount Format Filters for Mirrorless Cameras;Ended;383%;Camera Equipment;Irvine, CA;March 29, 2021;Aurora Aperture Inc.;['https://aurora-aperture.com/'];https://www.kickstarter.com/projects/aurora-aperture/drop-in-filters-for-mirrorless-cameras?ref=discovery_category_newest&total_hits=453&category_id=333;One Set of Filters for All Your Lenses
195;Film Carrier MK1: 35mm Roll Film Holder for Camera Scanning;Ended;357%;Camera Equipment;Philadelphia, PA;December 15, 2020;Saxon McClamma;['http://saxonmcclamma.com/', 'https://www.negative.supply/'];https://www.kickstarter.com/projects/negativesupply/film-carrier-mk1-35mm-roll-film-holder-for-camera-scanning?ref=discovery_category_newest&total_hits=453&category_id=333;Use your digital camera to scan rolls of 35mm film in under 5 minutes with the Negative Supply Film Carrier MK1 - quickly and easily.
196;Mikme Pocket: A smarter way to record audio for your videos;Ended;370%;Camera Equipment;Vienna, Austria;March 25, 2021;Mikme;['http://www.mikme.com/', 'http://www.facebook.com/mikmeaudio', 'https://www.twitter.com/mikmeaudio', 'https://www.instagram.com/mikmeaudio'];https://www.kickstarter.com/projects/mikme/mikme-pocket-a-smarter-way-to-record-audio-for-your-videos?ref=discovery_category_newest&total_hits=453&category_id=333;A failsafe wireless audio recorder & clip-on microphone to add professional sound to any video. Works with cameras & smartphones.
197;QUIST: 8 in 1 Gopro® and Action Camera Travel Tool;Ended;242%;Camera Equipment;Vicenza, Italy;October 30, 2019;Dreampick;['https://www.dream-pick.com/'];https://www.kickstarter.com/projects/dreampick/quist-8-in-1-gopro-and-action-camera-travel-tool?ref=discovery_category_newest&total_hits=453&category_id=333;One design for 8 different functions. A unique product thought by Gopro® enthusiasts for Gopro® enthusiasts.
198;DISH.TC: Sync By Satellite;Ended;120%;Camera Equipment;Dallas, TX;June 25, 2020;Ari Krupnik;['https://www.dish.tc/'];https://www.kickstarter.com/projects/ari-krupnik/dish-timecode-sync-by-satellite?ref=discovery_category_newest&total_hits=453&category_id=333;Zero-configuration, zero-drift timecode sync for sound, picture and multicamera shoots
199;Kamlan 50mm F1.1 MK2 Prime Lens for Mirrorless Cameras;Ended;1338%;Camera Equipment;Shenzhen, China;September 6, 2019;Machang Optics - Kamlan;['https://www.kamlan.shop/'];https://www.kickstarter.com/projects/kamlan/kamlan-50mm-f11-mk2-prime-lens-for-mirrorless-cameras?ref=discovery_category_newest&total_hits=453&category_id=333;The new Bokeh Beast - Making unseen moments seen with Kamlan 50mm F1.1 MK2
200;Anchor Strap: A Comfortable Camera Strap w/ PD hardware;Ended;187%;Camera Equipment;Louisville, KY;May 5, 2021;Todd Balsley;['https://www.cleversupply.co/'];https://www.kickstarter.com/projects/toddba/anchor-strap-a-comfortable-and-adaptable-leather-camera-strap?ref=discovery_category_newest&total_hits=453&category_id=333;Now Offering Peak Design Anchor Link Reward Option
201;ROGY ：Real Time 360º 8K 6 Lens Panoramic Camera;Ended;226%;Camera Equipment;Taipei City, Taiwan;December 11, 2019;dp;['https://www.dpsmart.com.tw/'];https://www.kickstarter.com/projects/rogy/rogy-real-time-360o-8k-6-lens-panoramic-camera?ref=discovery_category_newest&total_hits=453&category_id=333;in camera stitching, real time live streaming, scratch free, one-click sharing, design and manufacturing in Taiwan
202;Alter RFS | Rapid Filter System;Ended;129%;Camera Equipment;Scottsdale, AZ;August 4, 2020;Alter;['https://www.alterrfs.com/'];https://www.kickstarter.com/projects/alterrfs/alter-rapid-filter-system?ref=discovery_category_newest&total_hits=453&category_id=333;The First Hinged Lens Filter Adapters
203;HARROPE S2 | Motorized camera slider and pan motor;Ended;100%;Camera Equipment;Madrid, Spain;June 3, 2019;Guillermo Maroto;['https://harrope.com/', 'https://culoclean.com/'];https://www.kickstarter.com/projects/guillermomaroto/harrope-s2-motorized-camera-slider-and-pan-motor?ref=discovery_category_newest&total_hits=453&category_id=333;A new modular motorized slider for camera devices. Record stunning videos and time lapses with smooth and precise movements.
204;Ultimate light for filmmaking and your phone: Crack Light;Ended;450%;Camera Equipment;Glasgow, UK;November 2, 2023;Blind Spot Gear;['http://www.blindspotgear.com/'];https://www.kickstarter.com/projects/blindspotgear/ultimate-light-for-filmmaking-and-your-phone-crack?ref=discovery_category_newest&total_hits=453&category_id=333;A must-have tool for filmmakers and photographers.  Power this light from USB or your phone.  Featherweight at only 19 grams.
205;"""MicroREC"" - Record microscopic procedures with your phone";Ended;105%;Camera Equipment;Munich, Germany;April 10, 2019;Custom Surgical;['https://www.customsurgical.co/', 'https://www.shapeways.com/shops/custom-surgical?li=pb'];https://www.kickstarter.com/projects/customsurgical/microrec-record-microscopic-procedures-with-your-p?ref=discovery_category_newest&total_hits=453&category_id=333;MicroREC is an optic system capable of attaching any smartphone to most of the microscopes on the market.
206;SwitchPod — The minimal, versatile, handheld tripod.;Ended;416%;Camera Equipment;San Diego, CA;January 30, 2020;Pat Flynn;['http://www.smartpassiveincome.com/', 'http://www.switchpod.co/'];https://www.kickstarter.com/projects/patflynn/switchpod-the-minimal-versatile-handheld-tripod?ref=discovery_category_newest&total_hits=453&category_id=333;SwitchPod works with any camera, from a phone to a DSLR, and simplifies video making. If you’re a vlogger, you’re going to love it.
207;Ultra Versatile Telephoto Lens, Redcat 250mm f/4.9;Ended;267%;Camera Equipment;Taipei City, Taiwan;February 28, 2019;James Yang;['https://williamoptics.com/'];https://www.kickstarter.com/projects/jamesxc/ultra-versatile-telephoto-lens-redcat-250mm-f-49?ref=discovery_category_newest&total_hits=453&category_id=333;The world's sharpest 250mm telephoto lens ever made for full frame cameras, at Apochromatic specification with Strehl Ratio >0.97+.
208;Make your iphone a great camera;Ended;631%;Camera Equipment;Hong Kong, Hong Kong;March 24, 2019;AOCHY TEAM;['https://www.aochy.com/'];https://www.kickstarter.com/projects/1766662722/make-your-iphone-a-great-camera?ref=discovery_category_newest&total_hits=453&category_id=333;AOCHY:Three pairs of lenses - double macro lenses，160° fisheye and telephoto lenses，120° wide angle and telephoto lenses
209;Thunder Grip  Aputure 300d dimmer bracket;Ended;240%;Camera Equipment;Phoenix, AZ;April 21, 2019;Alexander Miller;[];https://www.kickstarter.com/projects/thundergrip/thunder-grip-aputure-300d-dimmer-bracket?ref=discovery_category_newest&total_hits=453&category_id=333;I've created a bracket that tidys up the cables and hardware used to power the Aputure 300d LED light
210;OBSBOT Tail, The World's First Auto-Director AI Camera;Ended;798%;Camera Equipment;Hong Kong, Hong Kong;September 5, 2023;OBSBOT;['http://www.remo-ai.com/'];https://www.kickstarter.com/projects/obsbot-me/obsbot-tail-the-worlds-first-auto-director-ai-came?ref=discovery_category_newest&total_hits=453&category_id=333;Film with freedom! OBSBOT Tail acts as your personal cameraman and director! Track, auto zoom and capture movement in up to 4K/60fps!
211;NANO1: World's Smallest Astronomy Camera - Just Got Smaller;Ended;183%;Camera Equipment;Singapore, Singapore;July 6, 2020;TinyMOS;['http://tinymos.com/', 'http://www.instagram.com/thetinymos'];https://www.kickstarter.com/projects/361052148/nano1-worlds-smallest-astronomy-camera-just-got-sm?ref=discovery_category_newest&total_hits=453&category_id=333;The World's Smallest Astronomy Camera - just got smaller. Capture Milky Way, Northern Lights and more in 4K, on your next epic travel!
212;Upgrade iPhone X to 8mm wide , 23:9 anamorphic , 360 camera;Ended;557%;Camera Equipment;Hong Kong, Hong Kong;March 28, 2019;FusionLens;['http://www.fusionlens.com/', 'https://www.instagram.com/fusionlens'];https://www.kickstarter.com/projects/nicoleor/fusionlens-20-most-powerful-lens-for-mobile-photog?ref=discovery_category_newest&total_hits=453&category_id=333;FusionLens 2.0: Capture stunning anamorphic, 8mm wide-angle, fisheye and 360 with all-in-one lens clip-on.
213;Fetus Camera;Ended;104%;Camera Equipment;Hong Kong, Hong Kong;June 2, 2022;Marvoto;['http://www.marvoto.com/'];https://www.kickstarter.com/projects/169337300/fetus-camera?ref=discovery_category_newest&total_hits=453&category_id=333;Marvoto Fetus Camera M1 is a product uses ultrasound Technology. Mom-to-be can use it to take pictures and videos for fetus at home!
214;salsa | a photobooth built to make you money;Ended;1157%;Camera Equipment;Los Angeles, CA;January 12, 2019;Brandon Wong;[];https://www.kickstarter.com/projects/169969765/salsa-a-photobooth-built-to-make-you-money?ref=discovery_category_newest&total_hits=453&category_id=333;Portable, intuitive, and elegant, Salsa will help start, scale, and grow your business.
215;Hover 2 - The 4K Drone that Flies Itself;Ended;1036%;Camera Equipment;Cupertino, CA;September 14, 2023;Zero Zero Robotics;[];https://www.kickstarter.com/projects/hover2/hover-2-the-4k-drone-that-flies-itself?ref=discovery_category_newest&total_hits=453&category_id=333;Easily capture cinematic clips, powered by unprecedented A.I.
216;Rose Anvil + India Earl Camera Harness;Ended;3540%;Camera Equipment;Salt Lake City, UT;August 28, 2019;Rose Anvil;['http://www.roseanvil.com/'];https://www.kickstarter.com/projects/shmoxd/rose-anvil-india-earl-camera-harness?ref=discovery_category_newest&total_hits=453&category_id=333;The ONLY camera harness that doesn't pinch your HAIR, SKIN, and CLOTHES.
217;360Penguin: World's First Family Friendly 360° VR Camera;Ended;121%;Camera Equipment;Olean, NY;December 10, 2018;Michael Kintner;['https://www.360rize.com/', 'https://www.360penguin.com/', 'https://shop.360rize.com/'];https://www.kickstarter.com/projects/360heros/360penguin-simplest-family-friendly-360-camera-on?ref=discovery_category_newest&total_hits=453&category_id=333;FAMILY FUN with the 360° VR video and photo camera that's built for all ages!  The Magic is inside the Pocket Penguin! You'll Love it!
218;Content Camera Strap. Three modes, one amazing promise.;Ended;123%;Camera Equipment;Chicago, IL;October 4, 2021;Chad Schumacher;['http://allegorygoods.com/', 'http://facebook.com/allegorygoods', 'http://twitter.com/allegorygoods', 'http://instagram.com/allegorygoods'];https://www.kickstarter.com/projects/allegorypens/content-camera-strap-three-modes-one-amazing-promi?ref=discovery_category_newest&total_hits=453&category_id=333;The only camera strap you need, and the last one you'll ever buy. Handcrafted, beautiful, versatile, and guaranteed for life.
219;Eyecloud Cam: The Smartest AI Home Security Camera. EVER.;Ended;1814%;Camera Equipment;San Jose, CA;October 22, 2020;eyecloud;['http://www.eyecloud.ai/'];https://www.kickstarter.com/projects/eyecloud/eyecloud-cam-the-smartest-ai-home-security-camera?ref=discovery_category_newest&total_hits=453&category_id=333;AI Embedded | Human & Face Recognition | 100% Cordless | Easy to Mount | Data Encrypted | Local Storage | Rechargeable Battery
220;Lumapod - The World's Fastest Tripod;Ended;1433%;Camera Equipment;Grieskirchen, Austria;September 29, 2022;Lumapod;['https://www.lumapod.com/'];https://www.kickstarter.com/projects/lumapod/lumapod-the-worlds-fastest-tripod?ref=discovery_category_newest&total_hits=453&category_id=333;An ultra-compact and lightning fast tripod solution for those who enjoy exploring freely.
221;35mm f/2.7 – The Smallest Fastest Pancake Lens in the World!;Ended;105%;Camera Equipment;Berlin, Germany;December 21, 2018;ExperimentalOptics;['https://www.facebook.com/ExperimentalOptics/', 'https://www.instagram.com/experimentaloptics'];https://www.kickstarter.com/projects/1745517054/35mm-f-27-the-smallest-fastest-pancake-lens-in-the?ref=discovery_category_newest&total_hits=453&category_id=333;The smallest lens in the world! It’s a 7mm thin pancake lens that fits most any camera, covers full frame, and is ready when you are.
222;SD / Micro SD Titanium Keychain Case - Safe Secure Discreet;Ended;368%;Camera Equipment;Wilkes-Barre, PA;October 27, 2018;John Kasko;['http://standloop.com/'];https://www.kickstarter.com/projects/lightstandwheels/sd-micro-sd-titanium-keychain-case-safe-secure-dis?ref=discovery_category_newest&total_hits=453&category_id=333;Whether you use it for quick, easy access as a photographer or you need secure,  discreet storage to transport files, this is for you.
223;Power Any Camera & More With The Power Junkie;Ended;206%;Camera Equipment;Glasgow, UK;November 7, 2023;Blind Spot Gear;['http://www.blindspotgear.com/'];https://www.kickstarter.com/projects/blindspotgear/power-junkie-by-blind-spot?ref=discovery_category_newest&total_hits=453&category_id=333;A must-have tool for photographers and filmmakers. Charge & power all your devices, gadgets and cameras using this incredible device.
224;Revolutionize Macro Videography, Laowa 24mm f/14 Probe Lens;Ended;10196%;Camera Equipment;Hefei, China;May 20, 2022;Venus Optics - Laowa;['http://www.venuslens.net/', 'http://www.facebook.com/venuslaowa/', 'http://www.instagram.com/venuslaowa/', 'https://laowacine.com/', 'https://www.youtube.com/channel/UCiSXz3Eujt2mx4OYWwO2CwA', 'https://twitter.com/laowa_lens', 'https://www.reddit.com/r/LaowaShooters/'];https://www.kickstarter.com/projects/laowa/revolutionize-macro-videography-laowa-24mm-f-14-pr?ref=discovery_category_newest&total_hits=453&category_id=333;Introducing a new perspective to your video, Laowa 24mm f/14 Probe is the weirdest but the most genius lens ever for creative shooting.
225;Quickstarter - Speech Text Prompts - Mini Teleprompter;Ended;3543%;Camera Equipment;Hong Kong, Hong Kong;September 20, 2018;Wong Wing Ho;['http://8x8x8item.com/'];https://www.kickstarter.com/projects/1936020118/quickstarter-speech-text-prompts-mini-teleprompter?ref=discovery_category_newest&total_hits=453&category_id=333;A Pro display device that prompts the person speaking with an electronic visual text of a speech, using any smartphone.
226;The Standard 4x5 - Build Your Own Large Format Camera;Ended;260%;Camera Equipment;St. Louis, MO;September 17, 2019;Drew Nikonowicz;['http://standardcameras.com/', 'http://nikonowicz.com/'];https://www.kickstarter.com/projects/144867732/the-standard-4x5-a-3d-printed-4x5-view-camera?ref=discovery_category_newest&total_hits=453&category_id=333;The Standard 4x5 is an affordable, lightweight and durable large format camera - You can make your own for only $320!
227;pixl-latr - helping you digitise 35mm, 120 & 4x5 film;Ended;680%;Camera Equipment;Worcester, UK;October 15, 2021;Hamish Gill;['http://pixl-latr.com/', 'https://www.35mmc.com/', 'http://www.hamishgill.com/', 'https://f8creates.com/', 'https://twitter.com/hamishgill'];https://www.kickstarter.com/projects/hamishgill/pixl-latr-helping-you-digitise-35mm-120-and-4x5-fi?ref=discovery_category_newest&total_hits=453&category_id=333;pixl-latr - an innovative, low cost and effective solution for digitising black & white or colour negatives and transparencies
228;Photographer's Light Stand Sandbag and Gear Loops;Ended;832%;Camera Equipment;Wilkes-Barre, PA;September 29, 2018;John Kasko;['http://standloop.com/'];https://www.kickstarter.com/projects/lightstandwheels/photographers-light-stand-sandbag-and-gear-loops?ref=discovery_category_newest&total_hits=453&category_id=333;The ultimate fastener for light stands, tripods and so much more! Created for professional photographers by a professional photographer
229;PowerXND Mark II - The Best Variable ND Filters 1 - 11 Stops;Ended;501%;Camera Equipment;Irvine, CA;August 7, 2019;Aurora Aperture Inc.;['https://aurora-aperture.com/'];https://www.kickstarter.com/projects/aurora-aperture/powerxnd-mark-ii-the-best-variable-nd-filters-1-11?ref=discovery_category_newest&total_hits=453&category_id=333;The World's best variable ND filters,  the Aurora PowerXND-II 128 covers 1 to 7 stops and PowerXND-II 2000 covers 5 up to 11 stops.
230;Detu MAX: World's First 3D 8K 360° VR Camera with AI Chip;Ended;948%;Camera Equipment;Los Angeles, CA;October 19, 2018;Team Detu;['http://detu.com/', 'https://www.facebook.com/detucamera/', 'https://www.instagram.com/detu360/', 'https://twitter.com/DetuCamera', 'https://www.youtube.com/channel/UCwf_G1ntpME7qdM8UHJlZMA', 'http://max.detu.com/'];https://www.kickstarter.com/projects/1902969015/detu-max-worlds-first-3d-8k-360-vr-camera-with-ai?ref=discovery_category_newest&total_hits=453&category_id=333;Capture 12K images and 8K video with world’s first 3D 360° VR camera with AI chip for professionals.
